[{"title_en":"Fast-tracking solutions to the coronavirus pandemic","title_de":"Zeitnahe Lösungen für die Corona-Epidemie","title_fr":"Trouver rapidement des solutions à la pandémie de coronavirus","author":"Oliver John;Elise Frioud","datastory_category":"standard","publication_date":"2022-04-19 02:00:00","languages":"en;de;fr","short_desc_en":"Coronavirus-related research funded by the SNSF is successfully delivering fast and beneficial results.","short_desc_de":"Der SNF unterstützt Forschung zum Coronavirus. Mit Erfolg: Bereits liegen relevante Ergebnisse vor.","short_desc_fr":"Le FNS soutient la recherche en lien avec le coronavirus. Avec succès: les résultats sont rapides et utiles.","tags":"T170T,T260T,T80T","author_url":"datastories@snf.ch;datastories@snf.ch","top_story":false,"github_url":"https://github.com/snsf-data/datastory_covid_19_funding","doi":"https://doi.org/10.46446/datastory.covid-19-funding"}]
